<Dictionary>
  <Words>
    <Recognized>
      <Word>Pacom</Word>
      <Word>Crc</Word>
      <Word>Comms</Word>
      <Word>Comm</Word>
      <Word>Gpio</Word>
      <Word>Pio</Word>
      <Word>Spi</Word>
      <Word>Bootloader</Word>
      <Word>Fct</Word>
      <Word>Multi</Word>
      <Word>Nand</Word>
      <Word>Eeprom</Word>
      <Word>Untranslated</Word>
      <Word>Wiegand</Word>
      <Word>Passback</Word>
      <Word>Mosler</Word>
      <Word>Motorolla</Word>
      <Word>Rco</Word>
      <Word>Satisfiable</Word>
      <Word>Leds</Word>
      <Word>Colours</Word>
      <Word>Colour</Word>
    </Recognized>
  </Words>
  <Acronyms>
    <CasingExceptions>
      <Acronym>I2c</Acronym>
    </CasingExceptions>
  </Acronyms>
</Dictionary>